variable,count,mean,std,min,25%,50%,75%,max,original
dummy1,1000.0,-0.00015564397537730257,0.011508548213747897,-0.0425723590324942,-0.007615849536200824,-0.00011402646380793814,0.00764863712979165,0.041769524140875,0.0141463740421876
dummy2,1000.0,-0.00015287792081952105,0.009183877744491808,-0.0318929400069087,-0.0065090330449990245,-0.0003541908300146,0.0061837135262177,0.028709759896115,0.0130834366918506
x1,1000.0,0.14061744462831946,3.013297811486057,-8.7730450949887,-1.8921746086290792,0.09214263142475845,2.1229614192758683,28.20423896524252,28.20423896524252
x2,1000.0,-0.03642949330454223,8.154570093451364,-26.846201985913705,-5.174194956149631,-0.1343264639536343,5.111945593390665,75.0512102081705,75.0512102081705
x3,1000.0,0.012699944154509901,1.8419916143819122,-5.586079817111173,-1.1829860726910029,0.00802241526074525,1.1573241073306608,17.75806644720594,17.75806644720594
